timestamp, utilization.gpu [%], utilization.memory [%], memory.used [MiB], memory.total [MiB], power.draw [W]
2026/08/03 10:24:41.119, [N/A], [N/A], 237 MiB, 81920 MiB, 111.29 W
2026/08/03 10:24:41.124, [N/A], [N/A], 237 MiB, 81920 MiB, 113.56 W
2026/08/03 10:24:41.128, [N/A], [N/A], 203 MiB, 81920 MiB, 116.38 W
2026/08/03 10:24:41.131, [N/A], [N/A], 203 MiB, 81920 MiB, 102.71 W
2026/08/03 10:24:41.135, [N/A], [N/A], 203 MiB, 81920 MiB, 112.03 W
2026/08/03 10:24:41.138, 0 %, 0 %, 0 MiB, 81920 MiB, 47.27 W
2026/08/03 10:25:11.141, [N/A], [N/A], 237 MiB, 81920 MiB, 111.19 W
2026/08/03 10:25:11.159, [N/A], [N/A], 237 MiB, 81920 MiB, 113.56 W
2026/08/03 10:25:11.177, [N/A], [N/A], 203 MiB, 81920 MiB, 116.19 W
2026/08/03 10:25:11.194, [N/A], [N/A], 203 MiB, 81920 MiB, 102.61 W
2026/08/03 10:25:11.196, [N/A], [N/A], 203 MiB, 81920 MiB, 111.94 W
2026/08/03 10:25:11.198, 0 %, 0 %, 4 MiB, 81920 MiB, 47.77 W
2026/08/03 10:25:41.199, [N/A], [N/A], 237 MiB, 81920 MiB, 109.61 W
2026/08/03 10:25:41.233, [N/A], [N/A], 237 MiB, 81920 MiB, 111.72 W
2026/08/03 10:25:41.258, [N/A], [N/A], 203 MiB, 81920 MiB, 114.14 W
2026/08/03 10:25:41.260, [N/A], [N/A], 203 MiB, 81920 MiB, 101.54 W
2026/08/03 10:25:41.262, [N/A], [N/A], 203 MiB, 81920 MiB, 110.15 W
2026/08/03 10:25:41.264, 0 %, 0 %, 4 MiB, 81920 MiB, 47.37 W
2026/08/03 10:26:11.265, [N/A], [N/A], 237 MiB, 81920 MiB, 109.80 W
2026/08/03 10:26:11.299, [N/A], [N/A], 237 MiB, 81920 MiB, 111.93 W
2026/08/03 10:26:11.332, [N/A], [N/A], 203 MiB, 81920 MiB, 114.43 W
2026/08/03 10:26:11.334, [N/A], [N/A], 203 MiB, 81920 MiB, 101.73 W
2026/08/03 10:26:11.357, [N/A], [N/A], 203 MiB, 81920 MiB, 110.36 W
2026/08/03 10:26:11.360, 0 %, 0 %, 4 MiB, 81920 MiB, 47.48 W
2026/08/03 10:26:41.361, [N/A], [N/A], 237 MiB, 81920 MiB, 109.80 W
2026/08/03 10:26:41.395, [N/A], [N/A], 237 MiB, 81920 MiB, 112.13 W
2026/08/03 10:26:41.397, [N/A], [N/A], 203 MiB, 81920 MiB, 114.53 W
2026/08/03 10:26:41.400, [N/A], [N/A], 203 MiB, 81920 MiB, 101.92 W
2026/08/03 10:26:41.406, [N/A], [N/A], 203 MiB, 81920 MiB, 110.45 W
2026/08/03 10:26:41.408, 0 %, 0 %, 4 MiB, 81920 MiB, 47.48 W
2026/08/03 10:27:11.409, [N/A], [N/A], 237 MiB, 81920 MiB, 110.20 W
2026/08/03 10:27:11.443, [N/A], [N/A], 237 MiB, 81920 MiB, 112.42 W
2026/08/03 10:27:11.465, [N/A], [N/A], 203 MiB, 81920 MiB, 114.73 W
2026/08/03 10:27:11.467, [N/A], [N/A], 203 MiB, 81920 MiB, 101.92 W
2026/08/03 10:27:11.470, [N/A], [N/A], 203 MiB, 81920 MiB, 110.84 W
2026/08/03 10:27:11.473, 0 %, 0 %, 4 MiB, 81920 MiB, 47.47 W
2026/08/03 10:27:41.474, [N/A], [N/A], 237 MiB, 81920 MiB, 110.19 W
2026/08/03 10:27:41.518, [N/A], [N/A], 237 MiB, 81920 MiB, 112.38 W
2026/08/03 10:27:41.520, [N/A], [N/A], 203 MiB, 81920 MiB, 114.71 W
2026/08/03 10:27:41.523, [N/A], [N/A], 203 MiB, 81920 MiB, 102.01 W
2026/08/03 10:27:41.525, [N/A], [N/A], 203 MiB, 81920 MiB, 110.65 W
2026/08/03 10:27:41.528, 0 %, 0 %, 4 MiB, 81920 MiB, 47.16 W
2026/08/03 10:28:11.529, [N/A], [N/A], 237 MiB, 81920 MiB, 110.30 W
2026/08/03 10:28:11.563, [N/A], [N/A], 237 MiB, 81920 MiB, 112.51 W
2026/08/03 10:28:11.596, [N/A], [N/A], 203 MiB, 81920 MiB, 115.03 W
2026/08/03 10:28:11.599, [N/A], [N/A], 203 MiB, 81920 MiB, 102.12 W
2026/08/03 10:28:11.602, [N/A], [N/A], 203 MiB, 81920 MiB, 111.25 W
2026/08/03 10:28:11.604, 0 %, 0 %, 4 MiB, 81920 MiB, 47.58 W
2026/08/03 10:28:41.605, [N/A], [N/A], 237 MiB, 81920 MiB, 110.50 W
2026/08/03 10:28:41.639, [N/A], [N/A], 237 MiB, 81920 MiB, 112.98 W
2026/08/03 10:28:41.642, [N/A], [N/A], 203 MiB, 81920 MiB, 115.58 W
2026/08/03 10:28:41.645, [N/A], [N/A], 203 MiB, 81920 MiB, 102.51 W
2026/08/03 10:28:41.647, [N/A], [N/A], 203 MiB, 81920 MiB, 111.34 W
2026/08/03 10:28:41.650, 0 %, 0 %, 4 MiB, 81920 MiB, 47.58 W
2026/08/03 10:29:11.651, [N/A], [N/A], 237 MiB, 81920 MiB, 110.40 W
2026/08/03 10:29:11.685, [N/A], [N/A], 237 MiB, 81920 MiB, 112.51 W
2026/08/03 10:29:11.701, [N/A], [N/A], 203 MiB, 81920 MiB, 115.13 W
2026/08/03 10:29:11.704, [N/A], [N/A], 203 MiB, 81920 MiB, 102.23 W
2026/08/03 10:29:11.707, [N/A], [N/A], 203 MiB, 81920 MiB, 111.35 W
2026/08/03 10:29:11.709, 0 %, 0 %, 4 MiB, 81920 MiB, 47.58 W
2026/08/03 10:29:41.710, [N/A], [N/A], 237 MiB, 81920 MiB, 107.86 W
2026/08/03 10:29:41.744, [N/A], [N/A], 237 MiB, 81920 MiB, 109.98 W
2026/08/03 10:29:41.759, [N/A], [N/A], 203 MiB, 81920 MiB, 111.90 W
2026/08/03 10:29:41.761, [N/A], [N/A], 203 MiB, 81920 MiB, 100.46 W
2026/08/03 10:29:41.763, [N/A], [N/A], 203 MiB, 81920 MiB, 108.39 W
2026/08/03 10:29:41.767, 0 %, 0 %, 4 MiB, 81920 MiB, 47.16 W
2026/08/03 10:30:11.768, [N/A], [N/A], 237 MiB, 81920 MiB, 105.43 W
2026/08/03 10:30:11.802, [N/A], [N/A], 237 MiB, 81920 MiB, 107.42 W
2026/08/03 10:30:11.820, [N/A], [N/A], 203 MiB, 81920 MiB, 108.76 W
2026/08/03 10:30:11.824, [N/A], [N/A], 203 MiB, 81920 MiB, 98.74 W
2026/08/03 10:30:11.826, [N/A], [N/A], 203 MiB, 81920 MiB, 105.84 W
2026/08/03 10:30:11.828, 39 %, 0 %, 9291 MiB, 81920 MiB, 97.19 W
2026/08/03 10:30:41.829, [N/A], [N/A], 237 MiB, 81920 MiB, 105.22 W
2026/08/03 10:30:41.862, [N/A], [N/A], 237 MiB, 81920 MiB, 107.26 W
2026/08/03 10:30:41.865, [N/A], [N/A], 203 MiB, 81920 MiB, 108.32 W
2026/08/03 10:30:41.869, [N/A], [N/A], 203 MiB, 81920 MiB, 98.70 W
2026/08/03 10:30:41.871, [N/A], [N/A], 203 MiB, 81920 MiB, 105.78 W
2026/08/03 10:30:41.875, 96 %, 86 %, 15821 MiB, 81920 MiB, 210.76 W
2026/08/03 10:31:11.875, [N/A], [N/A], 237 MiB, 81920 MiB, 104.27 W
2026/08/03 10:31:11.909, [N/A], [N/A], 237 MiB, 81920 MiB, 106.47 W
2026/08/03 10:31:11.940, [N/A], [N/A], 203 MiB, 81920 MiB, 107.33 W
2026/08/03 10:31:11.942, [N/A], [N/A], 203 MiB, 81920 MiB, 98.09 W
2026/08/03 10:31:11.944, [N/A], [N/A], 203 MiB, 81920 MiB, 104.44 W
2026/08/03 10:31:11.946, 91 %, 79 %, 15821 MiB, 81920 MiB, 300.78 W
2026/08/03 10:31:41.947, [N/A], [N/A], 237 MiB, 81920 MiB, 100.67 W
2026/08/03 10:31:41.982, [N/A], [N/A], 237 MiB, 81920 MiB, 102.37 W
2026/08/03 10:31:42.016, [N/A], [N/A], 203 MiB, 81920 MiB, 102.64 W
2026/08/03 10:31:42.023, [N/A], [N/A], 203 MiB, 81920 MiB, 96.36 W
2026/08/03 10:31:42.025, [N/A], [N/A], 203 MiB, 81920 MiB, 100.89 W
2026/08/03 10:31:42.027, 94 %, 78 %, 15821 MiB, 81920 MiB, 290.47 W
2026/08/03 10:32:12.028, [N/A], [N/A], 237 MiB, 81920 MiB, 98.02 W
2026/08/03 10:32:12.062, [N/A], [N/A], 237 MiB, 81920 MiB, 99.86 W
2026/08/03 10:32:12.079, [N/A], [N/A], 203 MiB, 81920 MiB, 98.32 W
2026/08/03 10:32:12.081, [N/A], [N/A], 203 MiB, 81920 MiB, 94.48 W
2026/08/03 10:32:12.083, [N/A], [N/A], 203 MiB, 81920 MiB, 98.55 W
2026/08/03 10:32:12.087, 92 %, 78 %, 15821 MiB, 81920 MiB, 299.46 W
2026/08/03 10:32:42.088, [N/A], [N/A], 237 MiB, 81920 MiB, 96.08 W
2026/08/03 10:32:42.122, [N/A], [N/A], 237 MiB, 81920 MiB, 96.98 W
2026/08/03 10:32:42.137, [N/A], [N/A], 203 MiB, 81920 MiB, 95.20 W
2026/08/03 10:32:42.139, [N/A], [N/A], 203 MiB, 81920 MiB, 92.00 W
2026/08/03 10:32:42.141, [N/A], [N/A], 203 MiB, 81920 MiB, 96.29 W
2026/08/03 10:32:42.143, 95 %, 85 %, 15821 MiB, 81920 MiB, 301.07 W
2026/08/03 10:33:12.144, [N/A], [N/A], 237 MiB, 81920 MiB, 95.00 W
2026/08/03 10:33:12.178, [N/A], [N/A], 237 MiB, 81920 MiB, 95.41 W
2026/08/03 10:33:12.193, [N/A], [N/A], 203 MiB, 81920 MiB, 93.53 W
2026/08/03 10:33:12.195, [N/A], [N/A], 203 MiB, 81920 MiB, 90.92 W
2026/08/03 10:33:12.197, [N/A], [N/A], 203 MiB, 81920 MiB, 95.38 W
2026/08/03 10:33:12.199, 96 %, 86 %, 15821 MiB, 81920 MiB, 299.33 W
2026/08/03 10:33:42.200, [N/A], [N/A], 237 MiB, 81920 MiB, 93.99 W
2026/08/03 10:33:42.235, [N/A], [N/A], 237 MiB, 81920 MiB, 94.91 W
2026/08/03 10:33:42.246, [N/A], [N/A], 203 MiB, 81920 MiB, 92.64 W
2026/08/03 10:33:42.248, [N/A], [N/A], 203 MiB, 81920 MiB, 90.42 W
2026/08/03 10:33:42.250, [N/A], [N/A], 203 MiB, 81920 MiB, 92.75 W
2026/08/03 10:33:42.252, 92 %, 78 %, 15821 MiB, 81920 MiB, 293.96 W
2026/08/03 10:34:12.253, [N/A], [N/A], 237 MiB, 81920 MiB, 93.50 W
2026/08/03 10:34:12.286, [N/A], [N/A], 237 MiB, 81920 MiB, 94.36 W
2026/08/03 10:34:12.303, [N/A], [N/A], 203 MiB, 81920 MiB, 91.96 W
2026/08/03 10:34:12.305, [N/A], [N/A], 203 MiB, 81920 MiB, 90.04 W
2026/08/03 10:34:12.307, [N/A], [N/A], 203 MiB, 81920 MiB, 93.06 W
2026/08/03 10:34:12.309, 86 %, 64 %, 15821 MiB, 81920 MiB, 280.83 W
2026/08/03 10:34:42.310, [N/A], [N/A], 237 MiB, 81920 MiB, 96.55 W
2026/08/03 10:34:42.343, [N/A], [N/A], 237 MiB, 81920 MiB, 94.36 W
2026/08/03 10:34:42.362, [N/A], [N/A], 203 MiB, 81920 MiB, 91.45 W
2026/08/03 10:34:42.364, [N/A], [N/A], 203 MiB, 81920 MiB, 89.73 W
2026/08/03 10:34:42.368, [N/A], [N/A], 203 MiB, 81920 MiB, 92.26 W
2026/08/03 10:34:42.370, 92 %, 78 %, 15821 MiB, 81920 MiB, 303.49 W
2026/08/03 10:35:12.371, [N/A], [N/A], 237 MiB, 81920 MiB, 96.44 W
2026/08/03 10:35:12.404, [N/A], [N/A], 237 MiB, 81920 MiB, 94.15 W
2026/08/03 10:35:12.422, [N/A], [N/A], 203 MiB, 81920 MiB, 91.16 W
2026/08/03 10:35:12.425, [N/A], [N/A], 203 MiB, 81920 MiB, 92.89 W
2026/08/03 10:35:12.427, [N/A], [N/A], 203 MiB, 81920 MiB, 92.29 W
2026/08/03 10:35:12.434, 96 %, 86 %, 15821 MiB, 81920 MiB, 296.81 W
2026/08/03 10:35:42.434, [N/A], [N/A], 237 MiB, 81920 MiB, 95.48 W
2026/08/03 10:35:42.469, [N/A], [N/A], 237 MiB, 81920 MiB, 93.93 W
2026/08/03 10:35:42.479, [N/A], [N/A], 203 MiB, 81920 MiB, 91.06 W
2026/08/03 10:35:42.481, [N/A], [N/A], 203 MiB, 81920 MiB, 92.77 W
2026/08/03 10:35:42.483, [N/A], [N/A], 203 MiB, 81920 MiB, 92.16 W
2026/08/03 10:35:42.485, 100 %, 93 %, 15821 MiB, 81920 MiB, 308.17 W
2026/08/03 10:36:12.486, [N/A], [N/A], 237 MiB, 81920 MiB, 95.20 W
2026/08/03 10:36:12.522, [N/A], [N/A], 237 MiB, 81920 MiB, 93.57 W
2026/08/03 10:36:12.524, [N/A], [N/A], 203 MiB, 81920 MiB, 90.96 W
2026/08/03 10:36:12.531, [N/A], [N/A], 203 MiB, 81920 MiB, 92.89 W
2026/08/03 10:36:12.533, [N/A], [N/A], 203 MiB, 81920 MiB, 92.62 W
2026/08/03 10:36:12.535, 92 %, 79 %, 15821 MiB, 81920 MiB, 297.89 W
2026/08/03 10:36:42.535, [N/A], [N/A], 237 MiB, 81920 MiB, 96.31 W
2026/08/03 10:36:42.569, [N/A], [N/A], 237 MiB, 81920 MiB, 93.77 W
2026/08/03 10:36:42.600, [N/A], [N/A], 203 MiB, 81920 MiB, 90.67 W
2026/08/03 10:36:42.602, [N/A], [N/A], 203 MiB, 81920 MiB, 92.80 W
2026/08/03 10:36:42.604, [N/A], [N/A], 203 MiB, 81920 MiB, 92.54 W
2026/08/03 10:36:42.606, 85 %, 66 %, 15821 MiB, 81920 MiB, 280.15 W
2026/08/03 10:37:12.607, [N/A], [N/A], 237 MiB, 81920 MiB, 96.18 W
2026/08/03 10:37:12.640, [N/A], [N/A], 237 MiB, 81920 MiB, 93.86 W
2026/08/03 10:37:12.659, [N/A], [N/A], 203 MiB, 81920 MiB, 90.58 W
2026/08/03 10:37:12.662, [N/A], [N/A], 203 MiB, 81920 MiB, 92.60 W
2026/08/03 10:37:12.664, [N/A], [N/A], 203 MiB, 81920 MiB, 92.19 W
2026/08/03 10:37:12.666, 92 %, 79 %, 15821 MiB, 81920 MiB, 306.10 W
2026/08/03 10:37:42.666, [N/A], [N/A], 237 MiB, 81920 MiB, 96.17 W
2026/08/03 10:37:42.700, [N/A], [N/A], 237 MiB, 81920 MiB, 93.38 W
2026/08/03 10:37:42.706, [N/A], [N/A], 203 MiB, 81920 MiB, 90.60 W
2026/08/03 10:37:42.709, [N/A], [N/A], 203 MiB, 81920 MiB, 92.70 W
2026/08/03 10:37:42.711, [N/A], [N/A], 203 MiB, 81920 MiB, 92.40 W
2026/08/03 10:37:42.713, 96 %, 86 %, 15821 MiB, 81920 MiB, 299.13 W
2026/08/03 10:38:12.714, [N/A], [N/A], 237 MiB, 81920 MiB, 95.97 W
2026/08/03 10:38:12.716, [N/A], [N/A], 237 MiB, 81920 MiB, 93.48 W
2026/08/03 10:38:12.718, [N/A], [N/A], 203 MiB, 81920 MiB, 90.50 W
2026/08/03 10:38:12.721, [N/A], [N/A], 203 MiB, 81920 MiB, 92.54 W
2026/08/03 10:38:12.723, [N/A], [N/A], 203 MiB, 81920 MiB, 92.26 W
2026/08/03 10:38:12.725, 100 %, 93 %, 15821 MiB, 81920 MiB, 306.70 W
2026/08/03 10:38:42.725, [N/A], [N/A], 237 MiB, 81920 MiB, 96.24 W
2026/08/03 10:38:42.730, [N/A], [N/A], 237 MiB, 81920 MiB, 93.77 W
2026/08/03 10:38:42.733, [N/A], [N/A], 203 MiB, 81920 MiB, 90.57 W
2026/08/03 10:38:42.735, [N/A], [N/A], 203 MiB, 81920 MiB, 92.60 W
2026/08/03 10:38:42.737, [N/A], [N/A], 203 MiB, 81920 MiB, 92.04 W
2026/08/03 10:38:42.740, 93 %, 77 %, 15821 MiB, 81920 MiB, 298.25 W
2026/08/03 10:39:12.740, [N/A], [N/A], 237 MiB, 81920 MiB, 96.04 W
2026/08/03 10:39:12.774, [N/A], [N/A], 237 MiB, 81920 MiB, 93.38 W
2026/08/03 10:39:12.778, [N/A], [N/A], 203 MiB, 81920 MiB, 90.56 W
2026/08/03 10:39:12.780, [N/A], [N/A], 203 MiB, 81920 MiB, 92.70 W
2026/08/03 10:39:12.782, [N/A], [N/A], 203 MiB, 81920 MiB, 92.28 W
2026/08/03 10:39:12.784, 85 %, 66 %, 15821 MiB, 81920 MiB, 282.19 W
2026/08/03 10:39:42.785, [N/A], [N/A], 237 MiB, 81920 MiB, 96.14 W
2026/08/03 10:39:42.819, [N/A], [N/A], 237 MiB, 81920 MiB, 93.40 W
2026/08/03 10:39:42.839, [N/A], [N/A], 203 MiB, 81920 MiB, 90.57 W
2026/08/03 10:39:42.842, [N/A], [N/A], 203 MiB, 81920 MiB, 92.60 W
2026/08/03 10:39:42.844, [N/A], [N/A], 203 MiB, 81920 MiB, 91.97 W
2026/08/03 10:39:42.850, 92 %, 79 %, 15821 MiB, 81920 MiB, 305.33 W
2026/08/03 10:40:12.851, [N/A], [N/A], 237 MiB, 81920 MiB, 96.25 W
2026/08/03 10:40:12.853, [N/A], [N/A], 237 MiB, 81920 MiB, 93.77 W
2026/08/03 10:40:12.856, [N/A], [N/A], 203 MiB, 81920 MiB, 90.50 W
2026/08/03 10:40:12.858, [N/A], [N/A], 203 MiB, 81920 MiB, 92.70 W
2026/08/03 10:40:12.860, [N/A], [N/A], 203 MiB, 81920 MiB, 91.57 W
2026/08/03 10:40:12.862, 96 %, 86 %, 15821 MiB, 81920 MiB, 298.46 W
2026/08/03 10:40:42.863, [N/A], [N/A], 237 MiB, 81920 MiB, 96.15 W
2026/08/03 10:40:42.865, [N/A], [N/A], 237 MiB, 81920 MiB, 93.18 W
2026/08/03 10:40:42.869, [N/A], [N/A], 203 MiB, 81920 MiB, 90.56 W
2026/08/03 10:40:42.871, [N/A], [N/A], 203 MiB, 81920 MiB, 92.50 W
2026/08/03 10:40:42.873, [N/A], [N/A], 203 MiB, 81920 MiB, 92.04 W
2026/08/03 10:40:42.875, 100 %, 93 %, 15821 MiB, 81920 MiB, 306.99 W
2026/08/03 10:41:12.876, [N/A], [N/A], 237 MiB, 81920 MiB, 96.05 W
2026/08/03 10:41:12.878, [N/A], [N/A], 237 MiB, 81920 MiB, 93.48 W
2026/08/03 10:41:12.881, [N/A], [N/A], 203 MiB, 81920 MiB, 90.47 W
2026/08/03 10:41:12.883, [N/A], [N/A], 203 MiB, 81920 MiB, 92.60 W
2026/08/03 10:41:12.885, [N/A], [N/A], 203 MiB, 81920 MiB, 92.55 W
2026/08/03 10:41:12.887, 91 %, 78 %, 15821 MiB, 81920 MiB, 289.99 W
2026/08/03 10:41:42.888, [N/A], [N/A], 237 MiB, 81920 MiB, 96.36 W
2026/08/03 10:41:42.933, [N/A], [N/A], 237 MiB, 81920 MiB, 93.67 W
2026/08/03 10:41:42.935, [N/A], [N/A], 203 MiB, 81920 MiB, 90.56 W
2026/08/03 10:41:42.937, [N/A], [N/A], 203 MiB, 81920 MiB, 92.70 W
2026/08/03 10:41:42.939, [N/A], [N/A], 203 MiB, 81920 MiB, 92.70 W
2026/08/03 10:41:42.941, 85 %, 66 %, 15821 MiB, 81920 MiB, 280.07 W
2026/08/03 10:42:12.942, [N/A], [N/A], 237 MiB, 81920 MiB, 96.15 W
2026/08/03 10:42:12.976, [N/A], [N/A], 237 MiB, 81920 MiB, 93.67 W
2026/08/03 10:42:12.998, [N/A], [N/A], 203 MiB, 81920 MiB, 90.57 W
2026/08/03 10:42:13.000, [N/A], [N/A], 203 MiB, 81920 MiB, 92.60 W
2026/08/03 10:42:13.003, [N/A], [N/A], 203 MiB, 81920 MiB, 92.26 W
2026/08/03 10:42:13.006, 92 %, 79 %, 15821 MiB, 81920 MiB, 305.64 W
2026/08/03 10:42:43.006, [N/A], [N/A], 237 MiB, 81920 MiB, 96.08 W
2026/08/03 10:42:43.041, [N/A], [N/A], 237 MiB, 81920 MiB, 93.86 W
2026/08/03 10:42:43.043, [N/A], [N/A], 203 MiB, 81920 MiB, 90.48 W
2026/08/03 10:42:43.046, [N/A], [N/A], 203 MiB, 81920 MiB, 92.60 W
2026/08/03 10:42:43.048, [N/A], [N/A], 203 MiB, 81920 MiB, 92.07 W
2026/08/03 10:42:43.051, 96 %, 86 %, 15821 MiB, 81920 MiB, 297.75 W
2026/08/03 10:43:13.052, [N/A], [N/A], 237 MiB, 81920 MiB, 96.18 W
2026/08/03 10:43:13.086, [N/A], [N/A], 237 MiB, 81920 MiB, 93.45 W
2026/08/03 10:43:13.105, [N/A], [N/A], 203 MiB, 81920 MiB, 90.57 W
2026/08/03 10:43:13.108, [N/A], [N/A], 203 MiB, 81920 MiB, 92.60 W
2026/08/03 10:43:13.112, [N/A], [N/A], 203 MiB, 81920 MiB, 91.72 W
2026/08/03 10:43:13.116, 100 %, 93 %, 15821 MiB, 81920 MiB, 306.03 W
2026/08/03 10:43:43.117, [N/A], [N/A], 237 MiB, 81920 MiB, 96.04 W
2026/08/03 10:43:43.150, [N/A], [N/A], 237 MiB, 81920 MiB, 93.57 W
2026/08/03 10:43:43.153, [N/A], [N/A], 203 MiB, 81920 MiB, 90.58 W
2026/08/03 10:43:43.156, [N/A], [N/A], 203 MiB, 81920 MiB, 92.60 W
2026/08/03 10:43:43.158, [N/A], [N/A], 203 MiB, 81920 MiB, 92.17 W
2026/08/03 10:43:43.161, 96 %, 85 %, 15821 MiB, 81920 MiB, 302.82 W
2026/08/03 10:44:13.162, [N/A], [N/A], 237 MiB, 81920 MiB, 96.28 W
2026/08/03 10:44:13.164, [N/A], [N/A], 237 MiB, 81920 MiB, 93.57 W
2026/08/03 10:44:13.166, [N/A], [N/A], 203 MiB, 81920 MiB, 90.56 W
2026/08/03 10:44:13.168, [N/A], [N/A], 203 MiB, 81920 MiB, 92.79 W
2026/08/03 10:44:13.171, [N/A], [N/A], 203 MiB, 81920 MiB, 91.90 W
2026/08/03 10:44:13.173, 85 %, 66 %, 15821 MiB, 81920 MiB, 278.30 W
2026/08/03 10:44:43.173, [N/A], [N/A], 237 MiB, 81920 MiB, 96.48 W
2026/08/03 10:44:43.176, [N/A], [N/A], 237 MiB, 81920 MiB, 94.23 W
2026/08/03 10:44:43.178, [N/A], [N/A], 203 MiB, 81920 MiB, 90.58 W
2026/08/03 10:44:43.180, [N/A], [N/A], 203 MiB, 81920 MiB, 92.60 W
2026/08/03 10:44:43.182, [N/A], [N/A], 203 MiB, 81920 MiB, 91.74 W
2026/08/03 10:44:43.187, 92 %, 79 %, 15821 MiB, 81920 MiB, 305.24 W
2026/08/03 10:45:13.188, [N/A], [N/A], 237 MiB, 81920 MiB, 96.34 W
2026/08/03 10:45:13.190, [N/A], [N/A], 237 MiB, 81920 MiB, 93.64 W
2026/08/03 10:45:13.193, [N/A], [N/A], 203 MiB, 81920 MiB, 90.57 W
2026/08/03 10:45:13.195, [N/A], [N/A], 203 MiB, 81920 MiB, 92.79 W
2026/08/03 10:45:13.197, [N/A], [N/A], 203 MiB, 81920 MiB, 92.09 W
2026/08/03 10:45:13.199, 96 %, 86 %, 15821 MiB, 81920 MiB, 308.66 W
2026/08/03 10:45:43.200, [N/A], [N/A], 237 MiB, 81920 MiB, 96.37 W
2026/08/03 10:45:43.202, [N/A], [N/A], 237 MiB, 81920 MiB, 93.38 W
2026/08/03 10:45:43.204, [N/A], [N/A], 203 MiB, 81920 MiB, 90.37 W
2026/08/03 10:45:43.206, [N/A], [N/A], 203 MiB, 81920 MiB, 92.70 W
2026/08/03 10:45:43.209, [N/A], [N/A], 203 MiB, 81920 MiB, 92.39 W
2026/08/03 10:45:43.211, 100 %, 93 %, 15821 MiB, 81920 MiB, 305.83 W
2026/08/03 10:46:13.211, [N/A], [N/A], 237 MiB, 81920 MiB, 96.07 W
2026/08/03 10:46:13.214, [N/A], [N/A], 237 MiB, 81920 MiB, 93.77 W
2026/08/03 10:46:13.216, [N/A], [N/A], 203 MiB, 81920 MiB, 90.48 W
2026/08/03 10:46:13.218, [N/A], [N/A], 203 MiB, 81920 MiB, 92.70 W
2026/08/03 10:46:13.220, [N/A], [N/A], 203 MiB, 81920 MiB, 91.60 W
2026/08/03 10:46:13.222, 92 %, 79 %, 15821 MiB, 81920 MiB, 271.43 W
2026/08/03 10:46:43.223, [N/A], [N/A], 237 MiB, 81920 MiB, 96.06 W
2026/08/03 10:46:43.257, [N/A], [N/A], 237 MiB, 81920 MiB, 93.48 W
2026/08/03 10:46:43.290, [N/A], [N/A], 203 MiB, 81920 MiB, 90.67 W
2026/08/03 10:46:43.293, [N/A], [N/A], 203 MiB, 81920 MiB, 92.60 W
2026/08/03 10:46:43.295, [N/A], [N/A], 203 MiB, 81920 MiB, 92.30 W
2026/08/03 10:46:43.298, 85 %, 66 %, 15821 MiB, 81920 MiB, 279.35 W
2026/08/03 10:47:13.299, [N/A], [N/A], 237 MiB, 81920 MiB, 96.07 W
2026/08/03 10:47:13.333, [N/A], [N/A], 237 MiB, 81920 MiB, 93.86 W
2026/08/03 10:47:13.351, [N/A], [N/A], 203 MiB, 81920 MiB, 90.58 W
2026/08/03 10:47:13.354, [N/A], [N/A], 203 MiB, 81920 MiB, 92.70 W
2026/08/03 10:47:13.357, [N/A], [N/A], 203 MiB, 81920 MiB, 91.82 W
2026/08/03 10:47:13.359, 92 %, 79 %, 15821 MiB, 81920 MiB, 304.40 W
2026/08/03 10:47:43.360, [N/A], [N/A], 237 MiB, 81920 MiB, 96.37 W
2026/08/03 10:47:43.395, [N/A], [N/A], 237 MiB, 81920 MiB, 93.38 W
2026/08/03 10:47:43.425, [N/A], [N/A], 203 MiB, 81920 MiB, 90.56 W
2026/08/03 10:47:43.429, [N/A], [N/A], 203 MiB, 81920 MiB, 92.60 W
2026/08/03 10:47:43.431, [N/A], [N/A], 203 MiB, 81920 MiB, 92.19 W
2026/08/03 10:47:43.433, 96 %, 86 %, 15821 MiB, 81920 MiB, 292.03 W
2026/08/03 10:48:13.434, [N/A], [N/A], 237 MiB, 81920 MiB, 96.15 W
2026/08/03 10:48:13.468, [N/A], [N/A], 237 MiB, 81920 MiB, 93.60 W
2026/08/03 10:48:13.483, [N/A], [N/A], 203 MiB, 81920 MiB, 90.47 W
2026/08/03 10:48:13.487, [N/A], [N/A], 203 MiB, 81920 MiB, 92.60 W
2026/08/03 10:48:13.489, [N/A], [N/A], 203 MiB, 81920 MiB, 92.16 W
2026/08/03 10:48:13.491, 70 %, 63 %, 15821 MiB, 81920 MiB, 318.46 W
2026/08/03 10:48:43.492, [N/A], [N/A], 237 MiB, 81920 MiB, 96.05 W
2026/08/03 10:48:43.532, [N/A], [N/A], 237 MiB, 81920 MiB, 93.11 W
2026/08/03 10:48:43.566, [N/A], [N/A], 203 MiB, 81920 MiB, 90.67 W
2026/08/03 10:48:43.583, [N/A], [N/A], 203 MiB, 81920 MiB, 92.60 W
2026/08/03 10:48:43.587, [N/A], [N/A], 203 MiB, 81920 MiB, 92.10 W
2026/08/03 10:48:43.590, 92 %, 79 %, 15821 MiB, 81920 MiB, 307.47 W
2026/08/03 10:49:13.590, [N/A], [N/A], 237 MiB, 81920 MiB, 96.25 W
2026/08/03 10:49:13.624, [N/A], [N/A], 237 MiB, 81920 MiB, 93.83 W
2026/08/03 10:49:13.648, [N/A], [N/A], 203 MiB, 81920 MiB, 90.56 W
2026/08/03 10:49:13.650, [N/A], [N/A], 203 MiB, 81920 MiB, 92.50 W
2026/08/03 10:49:13.652, [N/A], [N/A], 203 MiB, 81920 MiB, 92.19 W
2026/08/03 10:49:13.654, 96 %, 86 %, 15821 MiB, 81920 MiB, 298.47 W
2026/08/03 10:49:43.655, [N/A], [N/A], 237 MiB, 81920 MiB, 96.25 W
2026/08/03 10:49:43.689, [N/A], [N/A], 237 MiB, 81920 MiB, 93.64 W
2026/08/03 10:49:43.702, [N/A], [N/A], 203 MiB, 81920 MiB, 90.57 W
2026/08/03 10:49:43.704, [N/A], [N/A], 203 MiB, 81920 MiB, 92.60 W
2026/08/03 10:49:43.706, [N/A], [N/A], 203 MiB, 81920 MiB, 92.07 W
2026/08/03 10:49:43.708, 92 %, 79 %, 15821 MiB, 81920 MiB, 306.61 W
2026/08/03 10:50:13.709, [N/A], [N/A], 237 MiB, 81920 MiB, 96.28 W
2026/08/03 10:50:13.743, [N/A], [N/A], 237 MiB, 81920 MiB, 93.70 W
2026/08/03 10:50:13.745, [N/A], [N/A], 203 MiB, 81920 MiB, 90.48 W
2026/08/03 10:50:13.757, [N/A], [N/A], 203 MiB, 81920 MiB, 92.70 W
2026/08/03 10:50:13.759, [N/A], [N/A], 203 MiB, 81920 MiB, 92.29 W
2026/08/03 10:50:13.761, 96 %, 86 %, 15821 MiB, 81920 MiB, 291.46 W
2026/08/03 10:50:43.762, [N/A], [N/A], 237 MiB, 81920 MiB, 96.24 W
2026/08/03 10:50:43.795, [N/A], [N/A], 237 MiB, 81920 MiB, 93.18 W
2026/08/03 10:50:43.812, [N/A], [N/A], 203 MiB, 81920 MiB, 90.57 W
2026/08/03 10:50:43.814, [N/A], [N/A], 203 MiB, 81920 MiB, 92.61 W
2026/08/03 10:50:43.816, [N/A], [N/A], 203 MiB, 81920 MiB, 91.97 W
2026/08/03 10:50:43.818, 96 %, 86 %, 15821 MiB, 81920 MiB, 297.18 W
2026/08/03 10:51:13.819, [N/A], [N/A], 237 MiB, 81920 MiB, 96.27 W
2026/08/03 10:51:13.853, [N/A], [N/A], 237 MiB, 81920 MiB, 93.93 W
2026/08/03 10:51:13.872, [N/A], [N/A], 203 MiB, 81920 MiB, 90.57 W
2026/08/03 10:51:13.874, [N/A], [N/A], 203 MiB, 81920 MiB, 92.70 W
2026/08/03 10:51:13.876, [N/A], [N/A], 203 MiB, 81920 MiB, 92.04 W
2026/08/03 10:51:13.878, 89 %, 69 %, 15821 MiB, 81920 MiB, 305.73 W
2026/08/03 10:51:43.879, [N/A], [N/A], 237 MiB, 81920 MiB, 96.24 W
2026/08/03 10:51:43.912, [N/A], [N/A], 237 MiB, 81920 MiB, 93.21 W
2026/08/03 10:51:43.931, [N/A], [N/A], 203 MiB, 81920 MiB, 90.57 W
2026/08/03 10:51:43.933, [N/A], [N/A], 203 MiB, 81920 MiB, 92.70 W
2026/08/03 10:51:43.935, [N/A], [N/A], 203 MiB, 81920 MiB, 92.04 W
2026/08/03 10:51:43.937, 96 %, 86 %, 15821 MiB, 81920 MiB, 299.33 W
2026/08/03 10:52:13.938, [N/A], [N/A], 237 MiB, 81920 MiB, 96.29 W
2026/08/03 10:52:13.972, [N/A], [N/A], 237 MiB, 81920 MiB, 93.77 W
2026/08/03 10:52:13.990, [N/A], [N/A], 203 MiB, 81920 MiB, 90.57 W
2026/08/03 10:52:13.992, [N/A], [N/A], 203 MiB, 81920 MiB, 92.60 W
2026/08/03 10:52:13.994, [N/A], [N/A], 203 MiB, 81920 MiB, 92.33 W
2026/08/03 10:52:13.996, 92 %, 79 %, 15821 MiB, 81920 MiB, 306.61 W
2026/08/03 10:52:43.997, [N/A], [N/A], 237 MiB, 81920 MiB, 94.94 W
2026/08/03 10:52:44.031, [N/A], [N/A], 237 MiB, 81920 MiB, 93.74 W
2026/08/03 10:52:44.046, [N/A], [N/A], 203 MiB, 81920 MiB, 90.41 W
2026/08/03 10:52:44.048, [N/A], [N/A], 203 MiB, 81920 MiB, 92.55 W
2026/08/03 10:52:44.050, [N/A], [N/A], 203 MiB, 81920 MiB, 92.25 W
2026/08/03 10:52:44.053, 96 %, 86 %, 15821 MiB, 81920 MiB, 299.71 W
2026/08/03 10:53:14.054, [N/A], [N/A], 237 MiB, 81920 MiB, 95.00 W
2026/08/03 10:53:14.088, [N/A], [N/A], 237 MiB, 81920 MiB, 93.64 W
2026/08/03 10:53:14.104, [N/A], [N/A], 203 MiB, 81920 MiB, 90.57 W
2026/08/03 10:53:14.106, [N/A], [N/A], 203 MiB, 81920 MiB, 92.60 W
2026/08/03 10:53:14.108, [N/A], [N/A], 203 MiB, 81920 MiB, 92.48 W
2026/08/03 10:53:14.110, 96 %, 86 %, 15821 MiB, 81920 MiB, 301.65 W
2026/08/03 10:53:44.111, [N/A], [N/A], 237 MiB, 81920 MiB, 95.20 W
2026/08/03 10:53:44.145, [N/A], [N/A], 237 MiB, 81920 MiB, 93.48 W
2026/08/03 10:53:44.173, [N/A], [N/A], 203 MiB, 81920 MiB, 90.47 W
2026/08/03 10:53:44.175, [N/A], [N/A], 203 MiB, 81920 MiB, 92.50 W
2026/08/03 10:53:44.177, [N/A], [N/A], 203 MiB, 81920 MiB, 92.00 W
2026/08/03 10:53:44.179, 95 %, 75 %, 15821 MiB, 81920 MiB, 277.61 W
2026/08/03 10:54:14.180, [N/A], [N/A], 237 MiB, 81920 MiB, 95.10 W
2026/08/03 10:54:14.214, [N/A], [N/A], 237 MiB, 81920 MiB, 93.48 W
2026/08/03 10:54:14.234, [N/A], [N/A], 203 MiB, 81920 MiB, 90.37 W
2026/08/03 10:54:14.236, [N/A], [N/A], 203 MiB, 81920 MiB, 92.50 W
2026/08/03 10:54:14.238, [N/A], [N/A], 203 MiB, 81920 MiB, 91.79 W
2026/08/03 10:54:14.240, 96 %, 86 %, 15821 MiB, 81920 MiB, 298.83 W
2026/08/03 10:54:44.241, [N/A], [N/A], 237 MiB, 81920 MiB, 95.03 W
2026/08/03 10:54:44.276, [N/A], [N/A], 237 MiB, 81920 MiB, 93.39 W
2026/08/03 10:54:44.280, [N/A], [N/A], 203 MiB, 81920 MiB, 90.47 W
2026/08/03 10:54:44.282, [N/A], [N/A], 203 MiB, 81920 MiB, 92.54 W
2026/08/03 10:54:44.284, [N/A], [N/A], 203 MiB, 81920 MiB, 92.10 W
2026/08/03 10:54:44.286, 85 %, 66 %, 15821 MiB, 81920 MiB, 280.06 W
2026/08/03 10:55:14.287, [N/A], [N/A], 237 MiB, 81920 MiB, 96.24 W
2026/08/03 10:55:14.290, [N/A], [N/A], 237 MiB, 81920 MiB, 93.57 W
2026/08/03 10:55:14.292, [N/A], [N/A], 203 MiB, 81920 MiB, 90.67 W
2026/08/03 10:55:14.294, [N/A], [N/A], 203 MiB, 81920 MiB, 92.70 W
2026/08/03 10:55:14.296, [N/A], [N/A], 203 MiB, 81920 MiB, 91.87 W
2026/08/03 10:55:14.299, 92 %, 79 %, 15821 MiB, 81920 MiB, 306.52 W
2026/08/03 10:55:44.299, [N/A], [N/A], 237 MiB, 81920 MiB, 95.19 W
2026/08/03 10:55:44.333, [N/A], [N/A], 237 MiB, 81920 MiB, 93.67 W
2026/08/03 10:55:44.337, [N/A], [N/A], 203 MiB, 81920 MiB, 90.48 W
2026/08/03 10:55:44.339, [N/A], [N/A], 203 MiB, 81920 MiB, 92.50 W
2026/08/03 10:55:44.341, [N/A], [N/A], 203 MiB, 81920 MiB, 91.87 W
2026/08/03 10:55:44.344, 94 %, 82 %, 15821 MiB, 81920 MiB, 302.33 W
2026/08/03 10:56:14.344, [N/A], [N/A], 237 MiB, 81920 MiB, 95.29 W
2026/08/03 10:56:14.379, [N/A], [N/A], 237 MiB, 81920 MiB, 93.60 W
2026/08/03 10:56:14.381, [N/A], [N/A], 203 MiB, 81920 MiB, 90.48 W
2026/08/03 10:56:14.394, [N/A], [N/A], 203 MiB, 81920 MiB, 92.79 W
2026/08/03 10:56:14.396, [N/A], [N/A], 203 MiB, 81920 MiB, 91.87 W
2026/08/03 10:56:14.398, 94 %, 82 %, 15821 MiB, 81920 MiB, 298.15 W
2026/08/03 10:56:44.399, [N/A], [N/A], 237 MiB, 81920 MiB, 95.33 W
2026/08/03 10:56:44.401, [N/A], [N/A], 237 MiB, 81920 MiB, 94.00 W
2026/08/03 10:56:44.403, [N/A], [N/A], 203 MiB, 81920 MiB, 90.39 W
2026/08/03 10:56:44.406, [N/A], [N/A], 203 MiB, 81920 MiB, 92.63 W
2026/08/03 10:56:44.408, [N/A], [N/A], 203 MiB, 81920 MiB, 92.20 W
2026/08/03 10:56:44.410, 96 %, 78 %, 15821 MiB, 81920 MiB, 276.88 W
2026/08/03 10:57:14.411, [N/A], [N/A], 237 MiB, 81920 MiB, 95.29 W
2026/08/03 10:57:14.445, [N/A], [N/A], 237 MiB, 81920 MiB, 93.77 W
2026/08/03 10:57:14.478, [N/A], [N/A], 203 MiB, 81920 MiB, 90.47 W
2026/08/03 10:57:14.481, [N/A], [N/A], 203 MiB, 81920 MiB, 92.60 W
2026/08/03 10:57:14.485, [N/A], [N/A], 203 MiB, 81920 MiB, 91.97 W
2026/08/03 10:57:14.488, 94 %, 82 %, 15821 MiB, 81920 MiB, 300.18 W
2026/08/03 10:57:44.489, [N/A], [N/A], 237 MiB, 81920 MiB, 95.22 W
2026/08/03 10:57:44.492, [N/A], [N/A], 237 MiB, 81920 MiB, 93.57 W
2026/08/03 10:57:44.494, [N/A], [N/A], 203 MiB, 81920 MiB, 90.60 W
2026/08/03 10:57:44.496, [N/A], [N/A], 203 MiB, 81920 MiB, 92.49 W
2026/08/03 10:57:44.499, [N/A], [N/A], 203 MiB, 81920 MiB, 91.85 W
2026/08/03 10:57:44.501, 81 %, 62 %, 15821 MiB, 81920 MiB, 268.74 W
2026/08/03 10:58:14.501, [N/A], [N/A], 237 MiB, 81920 MiB, 95.16 W
2026/08/03 10:58:14.504, [N/A], [N/A], 237 MiB, 81920 MiB, 93.57 W
2026/08/03 10:58:14.506, [N/A], [N/A], 203 MiB, 81920 MiB, 90.48 W
2026/08/03 10:58:14.508, [N/A], [N/A], 203 MiB, 81920 MiB, 92.70 W
2026/08/03 10:58:14.511, [N/A], [N/A], 203 MiB, 81920 MiB, 91.97 W
2026/08/03 10:58:14.513, 89 %, 75 %, 15821 MiB, 81920 MiB, 303.20 W
2026/08/03 10:58:44.514, [N/A], [N/A], 237 MiB, 81920 MiB, 94.90 W
2026/08/03 10:58:44.516, [N/A], [N/A], 237 MiB, 81920 MiB, 93.77 W
2026/08/03 10:58:44.519, [N/A], [N/A], 203 MiB, 81920 MiB, 90.56 W
2026/08/03 10:58:44.522, [N/A], [N/A], 203 MiB, 81920 MiB, 92.60 W
2026/08/03 10:58:44.524, [N/A], [N/A], 203 MiB, 81920 MiB, 92.07 W
2026/08/03 10:58:44.527, 94 %, 82 %, 15821 MiB, 81920 MiB, 303.80 W
2026/08/03 10:59:14.528, [N/A], [N/A], 237 MiB, 81920 MiB, 95.09 W
2026/08/03 10:59:14.562, [N/A], [N/A], 237 MiB, 81920 MiB, 93.67 W
2026/08/03 10:59:14.580, [N/A], [N/A], 203 MiB, 81920 MiB, 90.37 W
2026/08/03 10:59:14.583, [N/A], [N/A], 203 MiB, 81920 MiB, 92.60 W
2026/08/03 10:59:14.586, [N/A], [N/A], 203 MiB, 81920 MiB, 91.97 W
2026/08/03 10:59:14.588, 81 %, 76 %, 15821 MiB, 81920 MiB, 303.98 W
2026/08/03 10:59:44.589, [N/A], [N/A], 237 MiB, 81920 MiB, 94.77 W
2026/08/03 10:59:44.623, [N/A], [N/A], 237 MiB, 81920 MiB, 93.64 W
2026/08/03 10:59:44.648, [N/A], [N/A], 203 MiB, 81920 MiB, 90.38 W
2026/08/03 10:59:44.651, [N/A], [N/A], 203 MiB, 81920 MiB, 92.73 W
2026/08/03 10:59:44.653, [N/A], [N/A], 203 MiB, 81920 MiB, 91.78 W
2026/08/03 10:59:44.656, 89 %, 75 %, 15821 MiB, 81920 MiB, 303.39 W
2026/08/03 11:00:14.657, [N/A], [N/A], 237 MiB, 81920 MiB, 95.76 W
2026/08/03 11:00:14.691, [N/A], [N/A], 237 MiB, 81920 MiB, 93.44 W
2026/08/03 11:00:14.693, [N/A], [N/A], 203 MiB, 81920 MiB, 90.56 W
2026/08/03 11:00:14.696, [N/A], [N/A], 203 MiB, 81920 MiB, 92.79 W
2026/08/03 11:00:14.699, [N/A], [N/A], 203 MiB, 81920 MiB, 92.10 W
2026/08/03 11:00:14.701, 94 %, 82 %, 15821 MiB, 81920 MiB, 232.62 W
2026/08/03 11:00:44.702, [N/A], [N/A], 237 MiB, 81920 MiB, 95.09 W
2026/08/03 11:00:44.705, [N/A], [N/A], 237 MiB, 81920 MiB, 93.77 W
2026/08/03 11:00:44.707, [N/A], [N/A], 203 MiB, 81920 MiB, 90.57 W
2026/08/03 11:00:44.709, [N/A], [N/A], 203 MiB, 81920 MiB, 92.67 W
2026/08/03 11:00:44.711, [N/A], [N/A], 203 MiB, 81920 MiB, 91.31 W
2026/08/03 11:00:44.715, 89 %, 75 %, 15821 MiB, 81920 MiB, 298.05 W
2026/08/03 11:01:14.716, [N/A], [N/A], 237 MiB, 81920 MiB, 95.09 W
2026/08/03 11:01:14.750, [N/A], [N/A], 237 MiB, 81920 MiB, 93.67 W
2026/08/03 11:01:14.766, [N/A], [N/A], 203 MiB, 81920 MiB, 90.57 W
2026/08/03 11:01:14.769, [N/A], [N/A], 203 MiB, 81920 MiB, 92.61 W
2026/08/03 11:01:14.771, [N/A], [N/A], 203 MiB, 81920 MiB, 91.97 W
2026/08/03 11:01:14.774, 94 %, 82 %, 15821 MiB, 81920 MiB, 289.91 W
2026/08/03 11:01:44.775, [N/A], [N/A], 237 MiB, 81920 MiB, 95.10 W
2026/08/03 11:01:44.777, [N/A], [N/A], 237 MiB, 81920 MiB, 93.67 W
2026/08/03 11:01:44.811, [N/A], [N/A], 203 MiB, 81920 MiB, 90.57 W
2026/08/03 11:01:44.831, [N/A], [N/A], 203 MiB, 81920 MiB, 92.70 W
2026/08/03 11:01:44.834, [N/A], [N/A], 203 MiB, 81920 MiB, 91.85 W
2026/08/03 11:01:44.836, 94 %, 82 %, 15821 MiB, 81920 MiB, 296.71 W
2026/08/03 11:02:14.837, [N/A], [N/A], 237 MiB, 81920 MiB, 94.26 W
2026/08/03 11:02:14.872, [N/A], [N/A], 237 MiB, 81920 MiB, 93.76 W
2026/08/03 11:02:14.906, [N/A], [N/A], 203 MiB, 81920 MiB, 90.57 W
2026/08/03 11:02:14.919, [N/A], [N/A], 203 MiB, 81920 MiB, 92.70 W
2026/08/03 11:02:14.921, [N/A], [N/A], 203 MiB, 81920 MiB, 92.56 W
2026/08/03 11:02:14.923, 81 %, 62 %, 15821 MiB, 81920 MiB, 299.82 W
2026/08/03 11:02:44.923, [N/A], [N/A], 237 MiB, 81920 MiB, 95.00 W
2026/08/03 11:02:44.959, [N/A], [N/A], 237 MiB, 81920 MiB, 93.67 W
2026/08/03 11:02:44.982, [N/A], [N/A], 203 MiB, 81920 MiB, 90.50 W
2026/08/03 11:02:44.984, [N/A], [N/A], 203 MiB, 81920 MiB, 92.70 W
2026/08/03 11:02:44.988, [N/A], [N/A], 203 MiB, 81920 MiB, 92.26 W
2026/08/03 11:02:44.990, 94 %, 82 %, 15821 MiB, 81920 MiB, 303.11 W
2026/08/03 11:03:14.991, [N/A], [N/A], 237 MiB, 81920 MiB, 95.17 W
2026/08/03 11:03:15.025, [N/A], [N/A], 237 MiB, 81920 MiB, 93.64 W
2026/08/03 11:03:15.059, [N/A], [N/A], 203 MiB, 81920 MiB, 90.67 W
2026/08/03 11:03:15.074, [N/A], [N/A], 203 MiB, 81920 MiB, 92.60 W
2026/08/03 11:03:15.076, [N/A], [N/A], 203 MiB, 81920 MiB, 92.16 W
2026/08/03 11:03:15.078, 82 %, 59 %, 15821 MiB, 81920 MiB, 301.05 W
2026/08/03 11:03:45.079, [N/A], [N/A], 237 MiB, 81920 MiB, 96.25 W
2026/08/03 11:03:45.112, [N/A], [N/A], 237 MiB, 81920 MiB, 93.67 W
2026/08/03 11:03:45.131, [N/A], [N/A], 203 MiB, 81920 MiB, 90.67 W
2026/08/03 11:03:45.133, [N/A], [N/A], 203 MiB, 81920 MiB, 92.60 W
2026/08/03 11:03:45.135, [N/A], [N/A], 203 MiB, 81920 MiB, 92.33 W
2026/08/03 11:03:45.140, 89 %, 75 %, 15821 MiB, 81920 MiB, 301.54 W
2026/08/03 11:04:15.141, [N/A], [N/A], 237 MiB, 81920 MiB, 95.29 W
2026/08/03 11:04:15.174, [N/A], [N/A], 237 MiB, 81920 MiB, 93.79 W
2026/08/03 11:04:15.178, [N/A], [N/A], 203 MiB, 81920 MiB, 90.48 W
2026/08/03 11:04:15.181, [N/A], [N/A], 203 MiB, 81920 MiB, 92.57 W
2026/08/03 11:04:15.183, [N/A], [N/A], 203 MiB, 81920 MiB, 92.10 W
2026/08/03 11:04:15.185, 94 %, 82 %, 15821 MiB, 81920 MiB, 299.03 W
2026/08/03 11:04:45.186, [N/A], [N/A], 237 MiB, 81920 MiB, 96.05 W
2026/08/03 11:04:45.189, [N/A], [N/A], 237 MiB, 81920 MiB, 93.45 W
2026/08/03 11:04:45.222, [N/A], [N/A], 203 MiB, 81920 MiB, 90.57 W
2026/08/03 11:04:45.242, [N/A], [N/A], 203 MiB, 81920 MiB, 92.60 W
2026/08/03 11:04:45.244, [N/A], [N/A], 203 MiB, 81920 MiB, 92.16 W
2026/08/03 11:04:45.247, 100 %, 95 %, 15821 MiB, 81920 MiB, 303.61 W
2026/08/03 11:05:15.247, [N/A], [N/A], 237 MiB, 81920 MiB, 95.97 W
2026/08/03 11:05:15.281, [N/A], [N/A], 237 MiB, 81920 MiB, 93.05 W
2026/08/03 11:05:15.291, [N/A], [N/A], 203 MiB, 81920 MiB, 90.63 W
2026/08/03 11:05:15.293, [N/A], [N/A], 203 MiB, 81920 MiB, 92.49 W
2026/08/03 11:05:15.295, [N/A], [N/A], 203 MiB, 81920 MiB, 91.90 W
2026/08/03 11:05:15.297, 89 %, 75 %, 15821 MiB, 81920 MiB, 302.63 W
2026/08/03 11:05:45.298, [N/A], [N/A], 237 MiB, 81920 MiB, 96.42 W
2026/08/03 11:05:45.331, [N/A], [N/A], 237 MiB, 81920 MiB, 93.69 W
2026/08/03 11:05:45.348, [N/A], [N/A], 203 MiB, 81920 MiB, 90.47 W
2026/08/03 11:05:45.350, [N/A], [N/A], 203 MiB, 81920 MiB, 92.49 W
2026/08/03 11:05:45.352, [N/A], [N/A], 203 MiB, 81920 MiB, 92.55 W
2026/08/03 11:05:45.354, 94 %, 82 %, 15821 MiB, 81920 MiB, 304.74 W
2026/08/03 11:06:15.355, [N/A], [N/A], 237 MiB, 81920 MiB, 96.18 W
2026/08/03 11:06:15.389, [N/A], [N/A], 237 MiB, 81920 MiB, 93.57 W
2026/08/03 11:06:15.392, [N/A], [N/A], 203 MiB, 81920 MiB, 90.58 W
2026/08/03 11:06:15.395, [N/A], [N/A], 203 MiB, 81920 MiB, 92.70 W
2026/08/03 11:06:15.397, [N/A], [N/A], 203 MiB, 81920 MiB, 92.24 W
2026/08/03 11:06:15.399, 89 %, 74 %, 15821 MiB, 81920 MiB, 303.49 W
2026/08/03 11:06:45.400, [N/A], [N/A], 237 MiB, 81920 MiB, 96.06 W
2026/08/03 11:06:45.434, [N/A], [N/A], 237 MiB, 81920 MiB, 93.57 W
2026/08/03 11:06:45.447, [N/A], [N/A], 203 MiB, 81920 MiB, 90.60 W
2026/08/03 11:06:45.449, [N/A], [N/A], 203 MiB, 81920 MiB, 92.60 W
2026/08/03 11:06:45.451, [N/A], [N/A], 203 MiB, 81920 MiB, 92.19 W
2026/08/03 11:06:45.453, 94 %, 82 %, 15821 MiB, 81920 MiB, 306.22 W
2026/08/03 11:07:15.454, [N/A], [N/A], 237 MiB, 81920 MiB, 96.28 W
2026/08/03 11:07:15.488, [N/A], [N/A], 237 MiB, 81920 MiB, 93.67 W
2026/08/03 11:07:15.502, [N/A], [N/A], 203 MiB, 81920 MiB, 90.56 W
2026/08/03 11:07:15.505, [N/A], [N/A], 203 MiB, 81920 MiB, 92.60 W
2026/08/03 11:07:15.507, [N/A], [N/A], 203 MiB, 81920 MiB, 91.78 W
2026/08/03 11:07:15.509, 94 %, 82 %, 15821 MiB, 81920 MiB, 306.14 W
2026/08/03 11:07:45.509, [N/A], [N/A], 237 MiB, 81920 MiB, 96.04 W
2026/08/03 11:07:45.543, [N/A], [N/A], 237 MiB, 81920 MiB, 94.19 W
2026/08/03 11:07:45.558, [N/A], [N/A], 203 MiB, 81920 MiB, 90.80 W
2026/08/03 11:07:45.560, [N/A], [N/A], 203 MiB, 81920 MiB, 92.48 W
2026/08/03 11:07:45.562, [N/A], [N/A], 203 MiB, 81920 MiB, 92.07 W
2026/08/03 11:07:45.568, 44 %, 42 %, 15821 MiB, 81920 MiB, 303.89 W
2026/08/03 11:08:15.568, [N/A], [N/A], 237 MiB, 81920 MiB, 95.97 W
2026/08/03 11:08:15.603, [N/A], [N/A], 237 MiB, 81920 MiB, 93.79 W
2026/08/03 11:08:15.615, [N/A], [N/A], 203 MiB, 81920 MiB, 90.67 W
2026/08/03 11:08:15.617, [N/A], [N/A], 203 MiB, 81920 MiB, 92.60 W
2026/08/03 11:08:15.619, [N/A], [N/A], 203 MiB, 81920 MiB, 92.55 W
2026/08/03 11:08:15.621, 89 %, 75 %, 15821 MiB, 81920 MiB, 300.37 W
2026/08/03 11:08:45.622, [N/A], [N/A], 237 MiB, 81920 MiB, 96.27 W
2026/08/03 11:08:45.656, [N/A], [N/A], 237 MiB, 81920 MiB, 93.67 W
2026/08/03 11:08:45.673, [N/A], [N/A], 203 MiB, 81920 MiB, 90.47 W
2026/08/03 11:08:45.675, [N/A], [N/A], 203 MiB, 81920 MiB, 92.60 W
2026/08/03 11:08:45.679, [N/A], [N/A], 203 MiB, 81920 MiB, 91.90 W
2026/08/03 11:08:45.681, 94 %, 82 %, 15821 MiB, 81920 MiB, 297.94 W
2026/08/03 11:09:15.682, [N/A], [N/A], 237 MiB, 81920 MiB, 96.18 W
2026/08/03 11:09:15.715, [N/A], [N/A], 237 MiB, 81920 MiB, 93.74 W
2026/08/03 11:09:15.734, [N/A], [N/A], 203 MiB, 81920 MiB, 90.67 W
2026/08/03 11:09:15.736, [N/A], [N/A], 203 MiB, 81920 MiB, 92.70 W
2026/08/03 11:09:15.738, [N/A], [N/A], 203 MiB, 81920 MiB, 92.40 W
2026/08/03 11:09:15.740, 89 %, 75 %, 15821 MiB, 81920 MiB, 297.75 W
2026/08/03 11:09:45.741, [N/A], [N/A], 237 MiB, 81920 MiB, 95.11 W
2026/08/03 11:09:45.775, [N/A], [N/A], 237 MiB, 81920 MiB, 93.45 W
2026/08/03 11:09:45.797, [N/A], [N/A], 203 MiB, 81920 MiB, 90.37 W
2026/08/03 11:09:45.799, [N/A], [N/A], 203 MiB, 81920 MiB, 92.49 W
2026/08/03 11:09:45.801, [N/A], [N/A], 203 MiB, 81920 MiB, 91.86 W
2026/08/03 11:09:45.803, 94 %, 82 %, 15821 MiB, 81920 MiB, 306.70 W
2026/08/03 11:10:15.804, [N/A], [N/A], 237 MiB, 81920 MiB, 96.27 W
2026/08/03 11:10:15.806, [N/A], [N/A], 237 MiB, 81920 MiB, 93.57 W
2026/08/03 11:10:15.809, [N/A], [N/A], 203 MiB, 81920 MiB, 91.75 W
2026/08/03 11:10:15.811, [N/A], [N/A], 203 MiB, 81920 MiB, 92.60 W
2026/08/03 11:10:15.813, [N/A], [N/A], 203 MiB, 81920 MiB, 92.19 W
2026/08/03 11:10:15.815, 94 %, 82 %, 15821 MiB, 81920 MiB, 304.48 W
2026/08/03 11:10:45.816, [N/A], [N/A], 237 MiB, 81920 MiB, 96.11 W
2026/08/03 11:10:45.818, [N/A], [N/A], 237 MiB, 81920 MiB, 93.74 W
2026/08/03 11:10:45.820, [N/A], [N/A], 203 MiB, 81920 MiB, 90.67 W
2026/08/03 11:10:45.822, [N/A], [N/A], 203 MiB, 81920 MiB, 92.77 W
2026/08/03 11:10:45.824, [N/A], [N/A], 203 MiB, 81920 MiB, 92.29 W
2026/08/03 11:10:45.827, 74 %, 70 %, 15821 MiB, 81920 MiB, 304.20 W
2026/08/03 11:11:15.827, [N/A], [N/A], 237 MiB, 81920 MiB, 96.02 W
2026/08/03 11:11:15.831, [N/A], [N/A], 237 MiB, 81920 MiB, 93.48 W
2026/08/03 11:11:15.833, [N/A], [N/A], 203 MiB, 81920 MiB, 90.56 W
2026/08/03 11:11:15.835, [N/A], [N/A], 203 MiB, 81920 MiB, 92.60 W
2026/08/03 11:11:15.837, [N/A], [N/A], 203 MiB, 81920 MiB, 91.97 W
2026/08/03 11:11:15.839, 89 %, 75 %, 15821 MiB, 81920 MiB, 302.04 W
2026/08/03 11:11:45.840, [N/A], [N/A], 237 MiB, 81920 MiB, 96.17 W
2026/08/03 11:11:45.874, [N/A], [N/A], 237 MiB, 81920 MiB, 93.66 W
2026/08/03 11:11:45.893, [N/A], [N/A], 203 MiB, 81920 MiB, 90.65 W
2026/08/03 11:11:45.895, [N/A], [N/A], 203 MiB, 81920 MiB, 92.59 W
2026/08/03 11:11:45.897, [N/A], [N/A], 203 MiB, 81920 MiB, 92.26 W
2026/08/03 11:11:45.902, 94 %, 82 %, 15821 MiB, 81920 MiB, 297.86 W
2026/08/03 11:12:15.903, [N/A], [N/A], 237 MiB, 81920 MiB, 95.13 W
2026/08/03 11:12:15.937, [N/A], [N/A], 237 MiB, 81920 MiB, 93.67 W
2026/08/03 11:12:15.956, [N/A], [N/A], 203 MiB, 81920 MiB, 90.57 W
2026/08/03 11:12:15.959, [N/A], [N/A], 203 MiB, 81920 MiB, 92.73 W
2026/08/03 11:12:15.961, [N/A], [N/A], 203 MiB, 81920 MiB, 92.79 W
2026/08/03 11:12:15.964, 88 %, 69 %, 15821 MiB, 81920 MiB, 299.31 W
2026/08/03 11:12:45.965, [N/A], [N/A], 237 MiB, 81920 MiB, 95.20 W
2026/08/03 11:12:46.001, [N/A], [N/A], 237 MiB, 81920 MiB, 93.57 W
2026/08/03 11:12:46.017, [N/A], [N/A], 203 MiB, 81920 MiB, 90.67 W
2026/08/03 11:12:46.024, [N/A], [N/A], 203 MiB, 81920 MiB, 92.79 W
2026/08/03 11:12:46.027, [N/A], [N/A], 203 MiB, 81920 MiB, 92.62 W
2026/08/03 11:12:46.029, 89 %, 75 %, 15821 MiB, 81920 MiB, 235.65 W
2026/08/03 11:13:16.030, [N/A], [N/A], 237 MiB, 81920 MiB, 95.07 W
2026/08/03 11:13:16.064, [N/A], [N/A], 237 MiB, 81920 MiB, 93.77 W
2026/08/03 11:13:16.089, [N/A], [N/A], 203 MiB, 81920 MiB, 90.48 W
2026/08/03 11:13:16.092, [N/A], [N/A], 203 MiB, 81920 MiB, 92.57 W
2026/08/03 11:13:16.094, [N/A], [N/A], 203 MiB, 81920 MiB, 92.10 W
2026/08/03 11:13:16.096, 94 %, 82 %, 15821 MiB, 81920 MiB, 290.87 W
2026/08/03 11:13:46.097, [N/A], [N/A], 237 MiB, 81920 MiB, 95.84 W
2026/08/03 11:13:46.100, [N/A], [N/A], 237 MiB, 81920 MiB, 94.31 W
2026/08/03 11:13:46.102, [N/A], [N/A], 203 MiB, 81920 MiB, 90.70 W
2026/08/03 11:13:46.104, [N/A], [N/A], 203 MiB, 81920 MiB, 92.70 W
2026/08/03 11:13:46.106, [N/A], [N/A], 203 MiB, 81920 MiB, 91.90 W
2026/08/03 11:13:46.108, 94 %, 82 %, 15821 MiB, 81920 MiB, 300.00 W
2026/08/03 11:14:16.109, [N/A], [N/A], 237 MiB, 81920 MiB, 94.98 W
2026/08/03 11:14:16.112, [N/A], [N/A], 237 MiB, 81920 MiB, 93.67 W
2026/08/03 11:14:16.114, [N/A], [N/A], 203 MiB, 81920 MiB, 90.62 W
2026/08/03 11:14:16.116, [N/A], [N/A], 203 MiB, 81920 MiB, 92.63 W
2026/08/03 11:14:16.118, [N/A], [N/A], 203 MiB, 81920 MiB, 92.32 W
2026/08/03 11:14:16.122, 81 %, 62 %, 15821 MiB, 81920 MiB, 282.44 W
